content,keyword
"Play Your Part In Solving The Climate Change Crisis

In 1896, Swedish scientist Svante Ahrenius first published a câ€¦ https://t.co/ja4jx71gZN",Climate Change Crisis
"Oops now itâ€™s climate crisis, another scary name change when itâ€™s actually just leftist policies destroying our resâ€¦ https://t.co/RzU3H4j6QK",Climate Change Crisis
RT @WorldBankAfrica: The climate crisis is a deeply unfair one: the poorest people contribute the least but are hardest hit. Thatâ€™s why @WBâ€¦,Climate Change Crisis
"RT @ADB_HQ: Thereâ€™s no going â€œback to normalâ€ after the pandemic, especially on climate change. The global pandemic response can also be aâ€¦",Climate Change Crisis
"RT @jasonhickel: ""The solution to the climate crisis will not be achieved with more 'green capitalism', or more global carbon markets. Theâ€¦",Climate Change Crisis
"RT @James_BG: If you're looking for #COP26 upsides it's notable no one is arguing about the science, no one is arguing about whether climatâ€¦",Climate Change Crisis
The climate crisis is a deeply unfair one: the poorest people contribute the least but are hardest hit. Thatâ€™s whyâ€¦ https://t.co/EATo4V6WER,Climate Change Crisis
"RT @MakeVotesMatter: â€˜A proportional voting system would enable people to elect politicians committed to fighting climate change, and desigâ€¦",Climate Change Crisis
"RT @jasonhickel: ""The solution to the climate crisis will not be achieved with more 'green capitalism', or more global carbon markets. Theâ€¦",Climate Change Crisis
"RT @James_BG: If you're looking for #COP26 upsides it's notable no one is arguing about the science, no one is arguing about whether climatâ€¦",Climate Change Crisis
"RT @CjvHenderson: Oil companies have understood climate change since the 1980s, but they covered this up by spending billions on lies and bâ€¦",Climate Change Crisis
"RT @jasonhickel: ""The solution to the climate crisis will not be achieved with more 'green capitalism', or more global carbon markets. Theâ€¦",Climate Change Crisis
"RT @ZaidZamanHamid: Global food crisis is here ....
All orchestrated to create a genocide..

Read all these links to see the larger pictureâ€¦",Climate Change Crisis
"RT @ZackPolanski: The Mayor can talk well on the climate emergency &amp; I'm happy to acknowledge his good work.

It still doesn't excuse terriâ€¦",Climate Change Crisis
"ğŸ¤EU &amp; US are natural-born partners sharing the same fundamental values &amp; goals for a stronger, greener &amp; more peaceâ€¦ https://t.co/igY5JIjWyd",Climate Change Crisis
"RT @jasonhickel: ""The solution to the climate crisis will not be achieved with more 'green capitalism', or more global carbon markets. Theâ€¦",Climate Change Crisis
"RT @jasonhickel: ""The solution to the climate crisis will not be achieved with more 'green capitalism', or more global carbon markets. Theâ€¦",Climate Change Crisis
RT @ElianeLuthi: â€œLetâ€™s make a stand against this self-inflicted climate crisis. We need to hold ourselves accountable &amp; make change at anâ€¦,Climate Change Crisis
"RT @jasonhickel: ""The solution to the climate crisis will not be achieved with more 'green capitalism', or more global carbon markets. Theâ€¦",Climate Change Crisis
"RT @BHheadlines: ğŸš¨ğŸ”¥ğŸš¨ğ—•ğ—¥ğ—˜ğ—”ğ—ğ—œğ—¡ğ—š: Geoffrey Coxâ€™s other controversies, from foxhunting to welfare cuts and climate change: Ex-attorney general aâ€¦",Climate Change Crisis
"RT @MelissaFleming: From the Sahel to Central America, climate change is driving displacement and increasing the vulnerability of those alrâ€¦",Climate Change Crisis
"RT @ZaidZamanHamid: Global food crisis is here ....
All orchestrated to create a genocide..

Read all these links to see the larger pictureâ€¦",Climate Change Crisis
"RT @jasonhickel: ""The solution to the climate crisis will not be achieved with more 'green capitalism', or more global carbon markets. Theâ€¦",Climate Change Crisis
"RT @UN: ""Hope is in the movement of the young people who are already creating change.""

In a #ClimateAction chat with @antonioguterres at #â€¦",Climate Change Crisis
Effort to Reframe Climate Change as a Health Crisis Gains Steam #medicine #feedly https://t.co/MFIvo4YgNf &gt; The twoâ€¦ https://t.co/hd8Cbo2du7,Climate Change Crisis
"RT @ZaidZamanHamid: Global food crisis is here ....
All orchestrated to create a genocide..

Read all these links to see the larger pictureâ€¦",Climate Change Crisis
RT @SimonLeggett5: COP26: Activists deflate tyres on 'luxury' cars in Glasgow. Pathetic &amp; ignorant! Why canâ€™t these people actually find soâ€¦,Climate Change Crisis
"RT @NaomiAKlein: ""I am angry at the way this COP is not managing climate change as a crisis. We can't even talk about fossil fuels in the fâ€¦",Climate Change Crisis
"RT @PennieOpal: ""I am angry at the way this COP is not managing climate change as a crisis. We can't even talk about fossil fuels in the fiâ€¦",Climate Change Crisis
"RT @James_BG: If you're looking for #COP26 upsides it's notable no one is arguing about the science, no one is arguing about whether climatâ€¦",Climate Change Crisis
RT @CamilleLabchuk: It's a scandal that COP26 didn't tackle the role the meat industry in climate change. There's no way to solve the climaâ€¦,Climate Change Crisis
"RT @RSTMH: Climate change risks 'runaway' humanitarian crisis, aid system collapse, UN warns @meganrowling #ClimateCrisis #COP26 #GlobalHeaâ€¦",Climate Change Crisis
"RT @CarolineLucas: Pledges of *net* zero emissions are magic maths, relying on unproven technologies or tree planting on a vast scale

Theyâ€¦",Climate Change Crisis
"Oil companies have understood climate change since the 1980s, but they covered this up by spending billions on liesâ€¦ https://t.co/ETt73RVjhV",Climate Change Crisis
"RT @ZaidZamanHamid: Global food crisis is here ....
All orchestrated to create a genocide..

Read all these links to see the larger pictureâ€¦",Climate Change Crisis
#ArtDesigns London Art and Fashion Students Stage a Climate Change Parade as COP26 Wraps Up | Vogue https://t.co/gtO5MfXmjZ,Climate Change Crisis
RT @LowCON: Our emotions about the climate crisis matter. Sharing feelings helps build resilience. Thatâ€™s why LCON offers free monthly climâ€¦,Climate Change Crisis
"RT @James_BG: If you're looking for #COP26 upsides it's notable no one is arguing about the science, no one is arguing about whether climatâ€¦",Climate Change Crisis
"RT @UNICEF: The climate crisis is a child rights crisis.
 
Children will be living with the impacts of climate change and have the right toâ€¦",Climate Change Crisis
'A primary aim of this report was an attempt to change the perception of climate action' https://t.co/BECzHZorOF,Climate Change Crisis
"RT @jasonhickel: ""The solution to the climate crisis will not be achieved with more 'green capitalism', or more global carbon markets. Theâ€¦",Climate Change Crisis
"RT @BHheadlines: ğŸš¨ğŸ”¥ğŸš¨ğ—•ğ—¥ğ—˜ğ—”ğ—ğ—œğ—¡ğ—š: Geoffrey Coxâ€™s other controversies, from foxhunting to welfare cuts and climate change: Ex-attorney general aâ€¦",Climate Change Crisis
Averting climate change could turn on whether the solar-panelÂ industry can become less dependent onÂ Xinjiang and stâ€¦ https://t.co/q5IjbYbeXs,Climate Change Crisis
"RT @James_BG: If you're looking for #COP26 upsides it's notable no one is arguing about the science, no one is arguing about whether climatâ€¦",Climate Change Crisis
RT @SimonLeggett5: COP26: Activists deflate tyres on 'luxury' cars in Glasgow. Pathetic &amp; ignorant! Why canâ€™t these people actually find soâ€¦,Climate Change Crisis
"RT @jasonhickel: ""The solution to the climate crisis will not be achieved with more 'green capitalism', or more global carbon markets. Theâ€¦",Climate Change Crisis
"RT @UN: ""Hope is in the movement of the young people who are already creating change.""

In a #ClimateAction chat with @antonioguterres at #â€¦",Climate Change Crisis
"RT @jasonhickel: ""The solution to the climate crisis will not be achieved with more 'green capitalism', or more global carbon markets. Theâ€¦",Climate Change Crisis
"RT @James_BG: If you're looking for #COP26 upsides it's notable no one is arguing about the science, no one is arguing about whether climatâ€¦",Climate Change Crisis
"RT @James_BG: If you're looking for #COP26 upsides it's notable no one is arguing about the science, no one is arguing about whether climatâ€¦",Climate Change Crisis
"RT @jasonhickel: ""The solution to the climate crisis will not be achieved with more 'green capitalism', or more global carbon markets. Theâ€¦",Climate Change Crisis
"RT @NaomiAKlein: ""I am angry at the way this COP is not managing climate change as a crisis. We can't even talk about fossil fuels in the fâ€¦",Climate Change Crisis
"@slash_2828 @freyas_house @CNN Trump, Russia collusion, covid, biden family corruption,  climate change and we areâ€¦ https://t.co/JPinLbQ2wg",Climate Change Crisis
"RT @CarolineLucas: Pledges of *net* zero emissions are magic maths, relying on unproven technologies or tree planting on a vast scale

Theyâ€¦",Climate Change Crisis
"RT @jasonhickel: ""The solution to the climate crisis will not be achieved with more 'green capitalism', or more global carbon markets. Theâ€¦",Climate Change Crisis
"RT @jasonhickel: ""The solution to the climate crisis will not be achieved with more 'green capitalism', or more global carbon markets. Theâ€¦",Climate Change Crisis
"RT @James_BG: If you're looking for #COP26 upsides it's notable no one is arguing about the science, no one is arguing about whether climatâ€¦",Climate Change Crisis
"RT @jasonhickel: ""The solution to the climate crisis will not be achieved with more 'green capitalism', or more global carbon markets. Theâ€¦",Climate Change Crisis
"RT @PeterSweden7: Soaring inflation, energy crisis and supply chain shortages are happening right now.

I'm more worried about this than clâ€¦",Climate Change Crisis
"ğŸ¤EU &amp; US are natural-born partners sharing the same fundamental values &amp; goals for a stronger, greener &amp; more peaceâ€¦ https://t.co/KO373Hqe5w",Climate Change Crisis
"RT @bsindia: A joint China-US declaration on climate change won't be enough to avert a deepening climate crisis

#ClimateChange #US #Chinaâ€¦",Climate Change Crisis
"A joint China-US declaration on climate change won't be enough to avert a deepening climate crisis

#ClimateChangeâ€¦ https://t.co/Qr6gP9nfJr",Climate Change Crisis
"RT @jasonhickel: ""The solution to the climate crisis will not be achieved with more 'green capitalism', or more global carbon markets. Theâ€¦",Climate Change Crisis
"RT @CarolineLucas: Pledges of *net* zero emissions are magic maths, relying on unproven technologies or tree planting on a vast scale

Theyâ€¦",Climate Change Crisis
"RT @James_BG: If you're looking for #COP26 upsides it's notable no one is arguing about the science, no one is arguing about whether climatâ€¦",Climate Change Crisis
"RT @UN: ""Hope is in the movement of the young people who are already creating change.""

In a #ClimateAction chat with @antonioguterres at #â€¦",Climate Change Crisis
"RT @ABCNewsLive: ""We know what's causing climate change: human activity,"" Pres. Biden says in Colorado. ""This is no longer a subject of debâ€¦",Climate Change Crisis
"RT @PennieOpal: ""I am angry at the way this COP is not managing climate change as a crisis. We can't even talk about fossil fuels in the fiâ€¦",Climate Change Crisis
"https://t.co/XMsrZReXlp The climate change summit may have no teeth, but the climate has teeth. Praying for God's iâ€¦ https://t.co/tJ5L61I1vi",Climate Change Crisis
"RT @Refugees: For refugees, displaced and stateless people, 
climate change is a crisis on top of a crisis. 

World leaders must take climaâ€¦",Climate Change Crisis
"RT @jasonhickel: ""The solution to the climate crisis will not be achieved with more 'green capitalism', or more global carbon markets. Theâ€¦",Climate Change Crisis
"RT @jasonhickel: ""The solution to the climate crisis will not be achieved with more 'green capitalism', or more global carbon markets. Theâ€¦",Climate Change Crisis
"RT @cen_climatenews: INTERVIEW: Dr Sian Ashby â€“ Doctor With A View On Climate Change
Journalists from @LesmahagowHigh spoke to Dr Sian Ashbâ€¦",Climate Change Crisis
-in 2027 after passing a set of laws to fight gerrymandering &amp; enshrine the right to vote for everyone while lamentâ€¦ https://t.co/kxsQiXNxFu,Climate Change Crisis
"RT @DMSmifffy: â€œThe way that climate change affects human beings is almost entirely through water, either too much or too little. So why arâ€¦",Climate Change Crisis
"""Stopping the climate crisis requires us to stop burning fossil fuels â€“ no magical thinking will solve this problemâ€¦ https://t.co/m7QUcKjbDd",Climate Change Crisis
"RT @jasonhickel: ""The solution to the climate crisis will not be achieved with more 'green capitalism', or more global carbon markets. Theâ€¦",Climate Change Crisis
"RT @jasonhickel: ""The solution to the climate crisis will not be achieved with more 'green capitalism', or more global carbon markets. Theâ€¦",Climate Change Crisis
"RT @UNICEF: The climate crisis is a child rights crisis.
 
Children will be living with the impacts of climate change and have the right toâ€¦",Climate Change Crisis
I agree  https://t.co/kmChfZt5X5,Climate Change Crisis
"RT @James_BG: If you're looking for #COP26 upsides it's notable no one is arguing about the science, no one is arguing about whether climatâ€¦",Climate Change Crisis
@AvidCommentator Thanks!  I think we have to go into a full existential crisis before we pull back (to late) to facâ€¦ https://t.co/Q98RL7LxmK,Climate Change Crisis
"RT @NaomiAKlein: ""I am angry at the way this COP is not managing climate change as a crisis. We can't even talk about fossil fuels in the fâ€¦",Climate Change Crisis
"RT @FoodSystems: ""The UN #FoodSystems Summit inspired the launch of national pathways and global coalitions to champion the rights and needâ€¦",Climate Change Crisis
"RT @ZaidZamanHamid: Global food crisis is here ....
All orchestrated to create a genocide..

Read all these links to see the larger pictureâ€¦",Climate Change Crisis
"RT @CarolineLucas: Pledges of *net* zero emissions are magic maths, relying on unproven technologies or tree planting on a vast scale

Theyâ€¦",Climate Change Crisis
"RT @James_BG: If you're looking for #COP26 upsides it's notable no one is arguing about the science, no one is arguing about whether climatâ€¦",Climate Change Crisis
"RT @UNICEF: The climate crisis is a child rights crisis.
 
Children will be living with the impacts of climate change and have the right toâ€¦",Climate Change Crisis
"RT @JamesHealyo: In this newly published editorial, we outline that any solution that addresses the health crisis of climate change must prâ€¦",Climate Change Crisis
"RT @James_BG: If you're looking for #COP26 upsides it's notable no one is arguing about the science, no one is arguing about whether climatâ€¦",Climate Change Crisis
"RT @ZaidZamanHamid: Global food crisis is here ....
All orchestrated to create a genocide..

Read all these links to see the larger pictureâ€¦",Climate Change Crisis
RT @Defenders: A crisis unfolded this summer in eastern #Oregon. The tragic situation with the Lookout Mountain Pack underscores the urgencâ€¦,Climate Change Crisis
"RT @PennieOpal: ""I am angry at the way this COP is not managing climate change as a crisis. We can't even talk about fossil fuels in the fiâ€¦",Climate Change Crisis
RT @SimonLeggett5: COP26: Activists deflate tyres on 'luxury' cars in Glasgow. Pathetic &amp; ignorant! Why canâ€™t these people actually find soâ€¦,Climate Change Crisis
"RT @TNInstitute: Guns, walls &amp; drones cannot stop climate change.

But Pelosi here doubles down on US govt policy - supporting militarisedâ€¦",Climate Change Crisis
RT @colbertlateshow: The U.S. and China are planning to â€œenhance ambitionâ€ on climate change. Itâ€™s very low on the chart of crisis responseâ€¦,Climate Change Crisis
"RT @ZaidZamanHamid: Global food crisis is here ....
All orchestrated to create a genocide..

Read all these links to see the larger pictureâ€¦",Climate Change Crisis
"RT @James_BG: If you're looking for #COP26 upsides it's notable no one is arguing about the science, no one is arguing about whether climatâ€¦",Climate Change Crisis
RT @SimonLeggett5: COP26: Activists deflate tyres on 'luxury' cars in Glasgow. Pathetic &amp; ignorant! Why canâ€™t these people actually find soâ€¦,Climate Change Crisis
"RT @James_BG: If you're looking for #COP26 upsides it's notable no one is arguing about the science, no one is arguing about whether climatâ€¦",Climate Change Crisis
"RT @SundayChants: This is not Sunday League, this is Champions League! https://t.co/QPmqz7eSLN",Champions League
"RT @akaebube: Man City no complain say Chelsea win Champions League, na Norwich come dey Para",Champions League
"@NiyorATM Heâ€™s the highest goalscoring defender in the UCL and has 4 UCLs, I donâ€™t know why youâ€™re comparing him wiâ€¦ https://t.co/QMt4HkkPPk",Champions League
RT @ghanayesu_: Manchester United wonâ€™t lose any match again this season. Ronaldo will win both premier league and the champions league topâ€¦,Champions League
RT @ghanayesu_: Manchester United wonâ€™t lose any match again this season. Ronaldo will win both premier league and the champions league topâ€¦,Champions League
"RT @_TheRealKayZ_: Chelsea Vs Bayern Munich, 2012 Champions League Final https://t.co/CwSMLLGGVI",Champions League
"@RangersBanter17 @johnmasonrtid Yes I'd imagine so mate, but this season alone is so pivotal it literally shapes thâ€¦ https://t.co/RBlaNEt35h",Champions League
RT @ghanayesu_: Manchester United wonâ€™t lose any match again this season. Ronaldo will win both premier league and the champions league topâ€¦,Champions League
"RT @LouisBlueblog: Louis Tomlinson watching the champions League final match, while squating in the middle of a party, in lbiza in 2019 ğŸ˜‚ğŸ˜‚ğŸ˜‚â€¦",Champions League
"RT @Squawka: Happy 44th birthday to South Africa's all-time top scorer and the only South African to win the Champions League. ğŸ†

Happy birâ€¦",Champions League
RT @FootyRustling: Throwback to when Liverpool knocked Barcelona out of the Champions League and some of their fans went to the official clâ€¦,Champions League
"RT @_TheRealKayZ_: Chelsea Vs Bayern Munich, 2012 Champions League Final https://t.co/CwSMLLGGVI",Champions League
RT @ghanayesu_: Manchester United wonâ€™t lose any match again this season. Ronaldo will win both premier league and the champions league topâ€¦,Champions League
RT @ghanayesu_: Manchester United wonâ€™t lose any match again this season. Ronaldo will win both premier league and the champions league topâ€¦,Champions League
German Soccer Legend Lothar Mathaus Predicts 4 Teams Likely To Lift Champions League Cup https://t.co/Kt5HRA2wxE https://t.co/IypB0hnu11,Champions League
RT @TheAFCnewsroom: ğŸ“Š The Top 50 menâ€™s UEFA Champions League clubs of all-time. Arsenal rank 12th overall and the third highest of the Englâ€¦,Champions League
RT @ghanayesu_: Manchester United wonâ€™t lose any match again this season. Ronaldo will win both premier league and the champions league topâ€¦,Champions League
"RT @HasaacasLadies: First ever @CAFwomen Champions League competition. 

First ever semifinals for @HasaacasLadies ğŸ”¥

We can only be proudâ€¦",Champions League
RT @musedded: When you reach the Champions League final but then realise your playing JuventusğŸ¤£ğŸ¤£ğŸ¤£ğŸ‘‹ğŸ‘‹ğŸ‘‹ https://t.co/ggSrTAkBeS,Champions League
Manchester United wonâ€™t lose any match again this season. Ronaldo will win both premier league and the champions leâ€¦ https://t.co/OUiZqW6vpZ,Champions League
"â—â—âš½AFC Qualifiers MD5 Resultsâš½â—â—

ğŸ‘‰Catch all the AFC Champions League matches LIVE ğŸ”¥only on #StarSatğŸ˜
#StarSportsâ€¦ https://t.co/XkGAyY8NMP",Champions League
RT @CFC_Raf: Let's see if Steven Gerrard can get top 4 in his first PL season to start the journey of a champions league winning team likeâ€¦,Champions League
"RT @LouisBlueblog: Louis Tomlinson watching the champions League final match, while squating in the middle of a party, in lbiza in 2019 ğŸ˜‚ğŸ˜‚ğŸ˜‚â€¦",Champions League
"RT @BitSler: ğŸ‘©â€ğŸ¤#DOTA2 - in 15 min ğŸ‘©â€ğŸ¤

ğŸ†Dota 2 Champions League 2021 Season 5
BET NOW â¡ï¸https://t.co/n3QUMNwSoZ

1ï¸âƒ£HellRaisers
ğŸ†vs
2ï¸âƒ£Braâ€¦",Champions League
RT @MurderofBirds_: WHAT THE FUCK!?! They added Jinx from League of Legends to Fortnite???!!! BRUH! Am I really about to download Fortniteâ€¦,Champions League
A wonderful reflection of the spirit of @bfcdublin assembling an all-Ireland team to participate in Special Champioâ€¦ https://t.co/vYbQeRiM5o,Champions League
"RT @akaebube: Man City no complain say Chelsea win Champions League, na Norwich come dey Para",Champions League
RT @aviv_lavi: We actually started this line-up in the Champions League ğŸ˜‚ğŸ˜­ https://t.co/K5E0DaDdzE,Champions League
"RT @Squawka: Happy 44th birthday to South Africa's all-time top scorer and the only South African to win the Champions League. ğŸ†

Happy birâ€¦",Champions League
"RT @yab_kiros: They also have qualified to the world cup and Champions League 
                                - @CNN 
#CNNfakenews https:/â€¦",Champions League
"Man City prepare to part with Raheem Sterling after setting reasonable asking price

Man City asking price for Sterâ€¦ https://t.co/akttZyvU5U",Champions League
"RT @akaebube: Man City no complain say Chelsea win Champions League, na Norwich come dey Para",Champions League
"âœˆï¸ Our team is in the airport!

ğŸ†Â We are waiting for the flight to Croatia to meet ""Podravka"" in the DELO EHF Champâ€¦ https://t.co/pju9nbP94m",Champions League
"every hit is like a champions league final,
when it's done, you return to meet the other 19 teams in next season'sâ€¦ https://t.co/4g2Q8iWzxU",Champions League
"That's a big call!
https://t.co/KM9lullhvf 
#sufc #twitterblades",Champions League
"RT @Squawka: Happy 44th birthday to South Africa's all-time top scorer and the only South African to win the Champions League. ğŸ†

Happy birâ€¦",Champions League
RT @CFC_Raf: Let's see if Steven Gerrard can get top 4 in his first PL season to start the journey of a champions league winning team likeâ€¦,Champions League
@ElTele @WHUFCFZ No thanks West Ham are not interested in Harry Kane as he wants to play for Manchester City &amp; wantâ€¦ https://t.co/druAmtBJ9d,Champions League
"RT @bfcdublin: What a time our special champions league team had â¤ï¸

We canâ€™t wait to have them attend the cup final âš½ï¸",Champions League
"RT @Squawka: Happy 44th birthday to South Africa's all-time top scorer and the only South African to win the Champions League. ğŸ†

Happy birâ€¦",Champions League
"RT @Squawka: Happy 44th birthday to South Africa's all-time top scorer and the only South African to win the Champions League. ğŸ†

Happy birâ€¦",Champions League
"@manutdrumourz @BlessingsToone7 @bluppy89 Every player want Champions league football that can make lose top players like Ona, Jackie...",Champions League
"RT @Squawka: Happy 44th birthday to South Africa's all-time top scorer and the only South African to win the Champions League. ğŸ†

Happy birâ€¦",Champions League
"@JordAVFCx @sheepshaggin @AnfieldRd96 I was there for this, nothing will top that not even the champions league 

Yâ€¦ https://t.co/h1tHRKevww",Champions League
"RT @Squawka: Happy 44th birthday to South Africa's all-time top scorer and the only South African to win the Champions League. ğŸ†

Happy birâ€¦",Champions League
"V Gaming vs Khan: Match Prediction. 12.11.21. Dota 2, Dota 2 Champions League 2021 Season 5

Total Over 2.5 will wiâ€¦ https://t.co/4Z0n47Tixx",Champions League
RT @FootyRustling: Throwback to when Liverpool knocked Barcelona out of the Champions League and some of their fans went to the official clâ€¦,Champions League
@kthum300 @FrankKhalidUK @EmiratesFACup You're far from champions league you never had it and with no Europa leagueâ€¦ https://t.co/KzuOA97jMP,Champions League
"RT @akaebube: Man City no complain say Chelsea win Champions League, na Norwich come dey Para",Champions League
"RT @Squawka: Happy 44th birthday to South Africa's all-time top scorer and the only South African to win the Champions League. ğŸ†

Happy birâ€¦",Champions League
"RT @Squawka: Happy 44th birthday to South Africa's all-time top scorer and the only South African to win the Champions League. ğŸ†

Happy birâ€¦",Champions League
RT @FootyRustling: Throwback to when Liverpool knocked Barcelona out of the Champions League and some of their fans went to the official clâ€¦,Champions League
"RT @Squawka: Happy 44th birthday to South Africa's all-time top scorer and the only South African to win the Champions League. ğŸ†

Happy birâ€¦",Champions League
RT @CFC_Raf: Let's see if Steven Gerrard can get top 4 in his first PL season to start the journey of a champions league winning team likeâ€¦,Champions League
"RT @SundayChants: This is not Sunday League, this is Champions League! https://t.co/QPmqz7eSLN",Champions League
"RT @Squawka: Happy 44th birthday to South Africa's all-time top scorer and the only South African to win the Champions League. ğŸ†

Happy birâ€¦",Champions League
RT @aviv_lavi: We actually started this line-up in the Champions League ğŸ˜‚ğŸ˜­ https://t.co/K5E0DaDdzE,Champions League
"RT @akaebube: Man City no complain say Chelsea win Champions League, na Norwich come dey Para",Champions League
"RT @LouisBlueblog: Louis Tomlinson watching the champions League final match, while squating in the middle of a party, in lbiza in 2019 ğŸ˜‚ğŸ˜‚ğŸ˜‚â€¦",Champions League
"RT @Squawka: Happy 44th birthday to South Africa's all-time top scorer and the only South African to win the Champions League. ğŸ†

Happy birâ€¦",Champions League
"RT @Squawka: Happy 44th birthday to South Africa's all-time top scorer and the only South African to win the Champions League. ğŸ†

Happy birâ€¦",Champions League
CAF Champions League: Rivers Angels hopeful of a win over Vihiga Queens â€” official - https://t.co/wgbpr2j0NT https://t.co/phzLc0PuUx,Champions League
"Arteta would win the champions league with this team, I canâ€™t be arsed with this portuguese quique setien https://t.co/N07GmPlaGh",Champions League
"RT @akaebube: Man City no complain say Chelsea win Champions League, na Norwich come dey Para",Champions League
RT @__itsMD: He kissed it like a champions league trophy,Champions League
"@MelissaReddy_ Amazing player, getting far too much credit for winning one trophy in a 2 horse race, where one horsâ€¦ https://t.co/4o4PtjiVl4",Champions League
"@SnakeDoctor0_0 A nice throwback bro 
4 more years for Arsenal to catch up with u on the last time they played Chamâ€¦ https://t.co/LceJJxPzTl",Champions League
"Gio to come back to Rangers. Win 56 and 57, lead us on some Champions League adventures and then take the Liverpoolâ€¦ https://t.co/sA5gzEujuw",Champions League
"RT @akaebube: Man City no complain say Chelsea win Champions League, na Norwich come dey Para",Champions League
"RT @BitSler: ğŸ‘©â€ğŸ¤#DOTA2 - in 15 min ğŸ‘©â€ğŸ¤

ğŸ†Dota 2 Champions League 2021 Season 5
BET NOW â¡ï¸https://t.co/aZy8qxJnZy

1ï¸âƒ£Team Empire
ğŸ†vs
2ï¸âƒ£Khaâ€¦",Champions League
RT @McDonnellDan: Stephen Kenny goes out of his way in his final press conference answer to say that he feels John Egan should be playing iâ€¦,Champions League
RT @Muhxmmed07: @__hassan_i But can Hassan Ali do this in the 90th minute in a champions league final? https://t.co/JovtY9or93,Champions League
RT @FootyRustling: Throwback to when Liverpool knocked Barcelona out of the Champions League and some of their fans went to the official clâ€¦,Champions League
"RT @LouisBlueblog: Louis Tomlinson watching the champions League final match, while squating in the middle of a party, in lbiza in 2019 ğŸ˜‚ğŸ˜‚ğŸ˜‚â€¦",Champions League
@Engr_hXtian @dawr01 @pandas_drunk @SkySportsPL Just a champions league which 3 out of them 4 didn't do . The otherâ€¦ https://t.co/1ajN7ztAfX,Champions League
"RT @Squawka: Happy 44th birthday to South Africa's all-time top scorer and the only South African to win the Champions League. ğŸ†

Happy birâ€¦",Champions League
RT @CFC_Raf: Let's see if Steven Gerrard can get top 4 in his first PL season to start the journey of a champions league winning team likeâ€¦,Champions League
RT @FootyRustling: Throwback to when Liverpool knocked Barcelona out of the Champions League and some of their fans went to the official clâ€¦,Champions League
"RT @Squawka: Happy 44th birthday to South Africa's all-time top scorer and the only South African to win the Champions League. ğŸ†

Happy birâ€¦",Champions League
"RT @ConnCFC: Drogba winning the Champions league at 34 whilst scoring vs Napoli in the RO16, Barcelona in the semiâ€™s &amp; Bayern in the finalâ€¦",Champions League
"RT @LouisBlueblog: Louis Tomlinson watching the champions League final match, while squating in the middle of a party, in lbiza in 2019 ğŸ˜‚ğŸ˜‚ğŸ˜‚â€¦",Champions League
"RT @LouisBlueblog: Louis Tomlinson watching the champions League final match, while squating in the middle of a party, in lbiza in 2019 ğŸ˜‚ğŸ˜‚ğŸ˜‚â€¦",Champions League
"RT @MoReeza_Khan: Only South African to win the Champions League 
Thatâ€™s the ultimate flex right there",Champions League
RT @FootyRustling: Throwback to when Liverpool knocked Barcelona out of the Champions League and some of their fans went to the official clâ€¦,Champions League
"@ryajones_ Play offs, FA Cup Final, Champions League Group - Playing under the best managers in the world must teach you something no?",Champions League
"RT @Squawka: Happy 44th birthday to South Africa's all-time top scorer and the only South African to win the Champions League. ğŸ†

Happy birâ€¦",Champions League
"RT @akaebube: Man City no complain say Chelsea win Champions League, na Norwich come dey Para",Champions League
"RT @iDiskiTimes: Hlompho Kekana for Mamelodi Sundowns:

ğŸŸï¸339 games
âš½38 goals
ğŸ…°ï¸22 assists
â°27 889 minutes

ğŸ†6 PSL titles
ğŸŸ¢2 Nedbank Cups
ğŸ”µâ€¦",Champions League
"RT @Squawka: Happy 44th birthday to South Africa's all-time top scorer and the only South African to win the Champions League. ğŸ†

Happy birâ€¦",Champions League
"RT @LouisBlueblog: Louis Tomlinson watching the champions League final match, while squating in the middle of a party, in lbiza in 2019 ğŸ˜‚ğŸ˜‚ğŸ˜‚â€¦",Champions League
"RT @Squawka: Happy 44th birthday to South Africa's all-time top scorer and the only South African to win the Champions League. ğŸ†

Happy birâ€¦",Champions League
"RT @Squawka: Happy 44th birthday to South Africa's all-time top scorer and the only South African to win the Champions League. ğŸ†

Happy birâ€¦",Champions League
"RT @Squawka: Happy 44th birthday to South Africa's all-time top scorer and the only South African to win the Champions League. ğŸ†

Happy birâ€¦",Champions League
@WelBeast Actually 2006 Champions League Final,Champions League
"RT @sportsmatik: #OnThisDay : On 12 November 2008, Japanese professional football club @GAMBA_OFFICIAL defeated @AdelaideUnited 5-0 on aggrâ€¦",Champions League
"RT @ShabanMo9: Highlights 

ğŸ‡¬ğŸ‡­ @HasaacasLadies 2-2 @wadideglafc (Egypt)

Hasaacas ladies are through to the semi finals of the maiden editiâ€¦",Champions League
"RT @Squawka: Happy 44th birthday to South Africa's all-time top scorer and the only South African to win the Champions League. ğŸ†

Happy birâ€¦",Champions League
"RT @akaebube: Man City no complain say Chelsea win Champions League, na Norwich come dey Para",Champions League
"RT @_TheRealKayZ_: Chelsea Vs Bayern Munich, 2012 Champions League Final https://t.co/CwSMLLGGVI",Champions League
RT @TheAFCnewsroom: ğŸ“Š The Top 50 menâ€™s UEFA Champions League clubs of all-time. Arsenal rank 12th overall and the third highest of the Englâ€¦,Champions League
@Azriel_Green I literally just finished watching the Witcher a few minutes ago ğŸ˜©,The Witcher
"The Witcher:
The treasure was close to Lurthen. Geralt spurred his horse, hastening to claim his prize",The Witcher
RT @OriginalFunko: RT and follow @OriginalFunko for the chance to WIN the @Walmart exclusive The Witcher - Geralt and Roach Pop! Rides! Notâ€¦,The Witcher
"@CaptainHippo I do think S1 of The Witcher is best seen in SDR, and said as much in my HCC review...",The Witcher
"RT @VideoArtGame: Fan art | The Witcher

Artist: @lekoifish https://t.co/AxgZnoNwAi",The Witcher
@rafiindraj Trus ada the witcher 3,The Witcher
RT @OriginalFunko: RT and follow @OriginalFunko for the chance to WIN the @Walmart exclusive The Witcher - Geralt and Roach Pop! Rides! Notâ€¦,The Witcher
"The WitcherÂ meetsÂ CthulhuÂ in this gruesome, high-octane adventure - https://t.co/cMPGPbPab1",The Witcher
"@Kayjnr10 @kvng_baff The Witcher Season 2 | Official Trailer |Black Reaction

https://t.co/4QHTSoq2cv",The Witcher
this might look nice but this is actually based on a super cursed dream she had once. about how there was gonna beâ€¦ https://t.co/1mX7ASSvvQ,The Witcher
RT @OriginalFunko: RT and follow @OriginalFunko for the chance to WIN the @Walmart exclusive The Witcher - Geralt and Roach Pop! Rides! Notâ€¦,The Witcher
why did i wait this long to start watching the witcher,The Witcher
RT @OriginalFunko: RT and follow @OriginalFunko for the chance to WIN the @Walmart exclusive The Witcher - Geralt and Roach Pop! Rides! Notâ€¦,The Witcher
RT @filmmusicrep: Joseph Trapanese tapped as composer of Netflix's 'The Witcher' Season 2 starring Henry Cavill. https://t.co/jcDmgCYxAo htâ€¦,The Witcher
"Ah yes - those up and coming 2021 RPG's - Witcher 3, Skyrim, Outer World, and Yakuza.... 

Great job @lifewiretechâ€¦ https://t.co/Yt3mOg4nKj",The Witcher
RT @AlexFarnworth: Goofy and Scrooge are the stars of â€œMerriest Nitesâ€. ğŸ¥â›“ https://t.co/k63zVqanvG,The Witcher
"The Witcher:
The treasure was in the middle of Kaer Morhen valley. Geralt spurred his horse, hastening to claim his prize",The Witcher
Finally starting The Witcher ğŸ‘€,The Witcher
"It's kinda assassin's creed 1, uncharted-samurai ninja, and system combat similar to the Witcher 3. There were boriâ€¦ https://t.co/ItxRbmYgwe",The Witcher
@ChristinaTasty @LunarArchivist I heard the actor who will play Zoro tagged everyone except for actor who plays Sanâ€¦ https://t.co/00s2fKfBmA,The Witcher
"RT @VideoArtGame: Fan art | The Witcher

Artist: @lekoifish https://t.co/AxgZnoNwAi",The Witcher
RT @OriginalFunko: RT and follow @OriginalFunko for the chance to WIN the @Walmart exclusive The Witcher - Geralt and Roach Pop! Rides! Notâ€¦,The Witcher
As I'm watching season 1 of the witcher again ahead of season 2 I'll try playing the witcher 3 again as I didn't get far last time.,The Witcher
"you don't like that henry cavill is getting paid 1M per episode in the Witcher!!?
So what??  Wait and watch him getâ€¦ https://t.co/d2DpHkr8rD",The Witcher
"RT @THR: Matthew Vaughn on casting Henry Cavill as the lead in his upcoming, star-studded film, #Argylle: â€œI needed someone who was born toâ€¦",The Witcher
"RT @THR: While Henry Cavill is been a part of the DC Universe, there is one Marvel character he'd want to play: â€œI have seen the various ruâ€¦",The Witcher
"RT @witchernetflix: Destiny is a beast. Watch the official trailer for Season 2 of The Witcher, debuting December 17 on Netflix. https://t.â€¦",The Witcher
RT @OriginalFunko: RT and follow @OriginalFunko for the chance to WIN the @Walmart exclusive The Witcher - Geralt and Roach Pop! Rides! Notâ€¦,The Witcher
"@GoogleStadia I wish I can reading this in a bulletin message from you. MySpace was awesome. 

Music Titel: Asylumsâ€¦ https://t.co/c3tFCdTzOo",The Witcher
"@dannyodwyer I mean, i think 'Blood &amp; Wine' DLC of The Witcher 3 won the best RPG game of 2016, so...",The Witcher
RT @OriginalFunko: RT and follow @OriginalFunko for the chance to WIN the @Walmart exclusive The Witcher - Geralt and Roach Pop! Rides! Notâ€¦,The Witcher
"RT @witchernetflix: Destiny is a beast. Watch the official trailer for Season 2 of The Witcher, debuting December 17 on Netflix. https://t.â€¦",The Witcher
"RT @witchernetflix: Destiny is a beast. Watch the official trailer for Season 2 of The Witcher, debuting December 17 on Netflix. https://t.â€¦",The Witcher
im listening to the witcher audiobook (to catch up to the netflix show) and geralt and ciri have a really cute dynamic TT,The Witcher
"RT @DiscussingFilm: Henry Cavill wants to do a â€˜MAN OF STEELâ€™ sequel.

â€œThere is still a lot of storytelling for me to do as a Superman, anâ€¦",The Witcher
RT @OriginalFunko: RT and follow @OriginalFunko for the chance to WIN the @Walmart exclusive The Witcher - Geralt and Roach Pop! Rides! Notâ€¦,The Witcher
RT @witchernetflxtv: New still of Henry Cavill as Geralt and Freya Allan as Ciri in The Witcher Season 2 âš”ï¸ https://t.co/uk7zzW5B92,The Witcher
Parang need ko panoorin The Witcher S1.,The Witcher
"RT @VengeurGlaive: ğ‘´ğ’Šğ’Œğ’‚ğ’†ğ’ ğ‘¶ğ’‡ ğ‘»ğ’“ğ’†ğ’•ğ’ğ’ˆğ’ğ’“. 

Â Â Â Â Â Â Â Â Â Â Â Â Â Â Â Â Â Â  Ëš à¼˜âœ¶ â‹†ï½¡Ëš â€â· 

the witcher oc. knight of the order of the flaming rose turned wiâ€¦",The Witcher
The Witcher tho ğŸ˜,The Witcher
"I actually said out loud to my husband ""I don't get the whole Henry Cavell thing"" as we started watching The Witcheâ€¦ https://t.co/BYfX1fVzIw",The Witcher
"The Witcher:
The treasure was beyond Old Watchtower. Geralt spurred his horse, hastening to claim his prize",The Witcher
"RT @AgentZeb: Going live on https://t.co/grA7571Qp1 now!

Playing some the Witcher 1 on Wacky Wednesday
@witchergame #Day5
Gonna play throuâ€¦",The Witcher
"RT @AgentZeb: Going live on https://t.co/grA7571Qp1 now!

Playing some the Witcher 1 on Wacky Wednesday
@witchergame #Day5
Gonna play throuâ€¦",The Witcher
"RT @AgentZeb: Going live on https://t.co/grA7571Qp1 now!

Playing some the Witcher 1 on Wacky Wednesday
@witchergame #Day5
Gonna play throuâ€¦",The Witcher
"RT @Alwayslawlzing: Jumping back into The Witcher â¤
ğŸ”´: https://t.co/Fucg7MiJ8U https://t.co/OBLQ3Ou9qf",The Witcher
Check out my broadcast from my PlayStation 4! #PS4live (The Witcher 3: Wild Hunt)  live at https://t.co/8P8Td7AxAv,The Witcher
"RT @THR: Matthew Vaughn on casting Henry Cavill as the lead in his upcoming, star-studded film, #Argylle: â€œI needed someone who was born toâ€¦",The Witcher
RT @dailyhcavill: henry cavill as geralt of rivia in the witcher (2019) https://t.co/8LprFKEssS,The Witcher
"RT @AgentZeb: Going live on https://t.co/grA7571Qp1 now!

Playing some the Witcher 1 on Wacky Wednesday
@witchergame #Day5
Gonna play throuâ€¦",The Witcher
"RT @AgentZeb: Going live on https://t.co/grA7571Qp1 now!

Playing some the Witcher 1 on Wacky Wednesday
@witchergame #Day5
Gonna play throuâ€¦",The Witcher
"@blavikenisms -- ""What happened and where are you hurt?"" She asked quickly, desperately trying to drag him inside.â€¦ https://t.co/CNtkvrUHrp",The Witcher
"@blavikenisms --moving to investigate.

Slow creeping open the door but loosing her grip upon the wooden barrier duâ€¦ https://t.co/sEtQUbMtSZ",The Witcher
RT @OriginalFunko: RT and follow @OriginalFunko for the chance to WIN the @Walmart exclusive The Witcher - Geralt and Roach Pop! Rides! Notâ€¦,The Witcher
RT @netflixwitcher: Henry Cavill will appear on the Graham Norton Show on December 3 to promote The Witcher https://t.co/zKZuTjEce8,The Witcher
@dannyodwyer Witcher 3's DLC got RPG of the year... ğŸ¤”,The Witcher
@froyocs I forget you are into the Witcher constantly and when I remember I start to cry,The Witcher
"#funko  The Witcher Ciri
Link-&gt;https://t.co/UfA71S7OQ1
ATC-&gt;https://t.co/YGL7JZqQid
07:04:01 2021-11-12 UTC",The Witcher
Check out my broadcast from my PlayStation 4! #PS4live (The Witcher 3: Wild Hunt â€“ Complete Edition)  live at https://t.co/fuE5WzxRBJ,The Witcher
RT @OriginalFunko: RT and follow @OriginalFunko for the chance to WIN the @Walmart exclusive The Witcher - Geralt and Roach Pop! Rides! Notâ€¦,The Witcher
that year i listened almost exclusively to the witcher and skyrim soundtracks rlly did a number on my spotify https://t.co/RNYBE3sJTQ,The Witcher
"@skywalkerthrawn Lars Mikkelsen plays a mage in the Witcher and he refers to someone as horny ğŸ˜‚ and I was like ""Yepâ€¦ https://t.co/sOyGWN12Yx",The Witcher
"Going live on https://t.co/grA7571Qp1 now!

Playing some the Witcher 1 on Wacky Wednesday
@witchergame #Day5
Gonnaâ€¦ https://t.co/ZrAGJ4a4N2",The Witcher
"RT @THR: Matthew Vaughn on casting Henry Cavill as the lead in his upcoming, star-studded film, #Argylle: â€œI needed someone who was born toâ€¦",The Witcher
ğŸ“· henrycavilledits: HENRY CAVILL behind the scenes ofÂ â€œThe Witcherâ€ S2 https://t.co/C0A7sdnQQ5,The Witcher
The Witcher Season 2 Trailer (2021) Official https://t.co/lT9dYEPkN9 via @YouTube,The Witcher
RT @OriginalFunko: RT and follow @OriginalFunko for the chance to WIN the @Walmart exclusive The Witcher - Geralt and Roach Pop! Rides! Notâ€¦,The Witcher
RT @OriginalFunko: RT and follow @OriginalFunko for the chance to WIN the @Walmart exclusive The Witcher - Geralt and Roach Pop! Rides! Notâ€¦,The Witcher
RT @netflixwitcher: Henry Cavill is being paid more than $1 million per episode for season 2 of The Witcher (Source: @THR) https://t.co/JVYâ€¦,The Witcher
RT @witchernetflxtv: New still of Henry Cavill as Geralt and Freya Allan as Ciri in The Witcher Season 2 âš”ï¸ https://t.co/uk7zzW5B92,The Witcher
"RT @ComicBook: The Witcher's Henry Cavill spent lockdown playing the games on their hardest difficulty, because of course. https://t.co/3kxâ€¦",The Witcher
@dannyodwyer I felt that way about the Blood &amp; Wine DLC from Witcher 3. Sooooo good! I thought it was even better tâ€¦ https://t.co/HUkJjkZSxJ,The Witcher
"The Witcher:
Dice Poker - Player 1: 3,5,2,3,6 
 Dice Poker - Player 2: 4,3,3,2,2",The Witcher
"""I am telling you Witcher, you cannot improve perfection"" 

The bard chuckled, getting up from her seat to fetch heâ€¦ https://t.co/HqJqq73sV4",The Witcher
RT @OriginalFunko: RT and follow @OriginalFunko for the chance to WIN the @Walmart exclusive The Witcher - Geralt and Roach Pop! Rides! Notâ€¦,The Witcher
RT @fuckoffbard: the feminine urge to toss a coin to your Witcher,The Witcher
RT @OriginalFunko: RT and follow @OriginalFunko for the chance to WIN the @Walmart exclusive The Witcher - Geralt and Roach Pop! Rides! Notâ€¦,The Witcher
"RT @THR: Matthew Vaughn on casting Henry Cavill as the lead in his upcoming, star-studded film, #Argylle: â€œI needed someone who was born toâ€¦",The Witcher
"Well well well, it looks like: December 3, 2021
Tom Holland and Zendaya will both talk about â€˜Spider-Man: No Way Hoâ€¦ https://t.co/vV6XQY8wa9",The Witcher
@Fire_Badger i always figured if the witcher were real he would be you,The Witcher
RT @OriginalFunko: RT and follow @OriginalFunko for the chance to WIN the @Walmart exclusive The Witcher - Geralt and Roach Pop! Rides! Notâ€¦,The Witcher
RT @DollieMaryMay: Playing the Witcher rn :D https://t.co/PQEslPLW0M,The Witcher
It is Friday and I will play The Witcher 3 at night.,The Witcher
"Been sick for days.. very sick . And internet is due to. If I lose that, than I lose the ability to work online, anâ€¦ https://t.co/N3HTa7BM3z",The Witcher
"Matthew Vaughn on Henry Cavill as the lead in his star-studded film, #Argylle: â€œI needed someone who was born to plâ€¦ https://t.co/fTEbGN3jvn",The Witcher
RT @OriginalFunko: RT and follow @OriginalFunko for the chance to WIN the @Walmart exclusive The Witcher - Geralt and Roach Pop! Rides! Notâ€¦,The Witcher
"RT @NetflixGeeked: 1200 years before Geralt of Rivia, the worlds of monsters, men and elves merged into one, and the first Witcher came toâ€¦",The Witcher
"RT @PopCrave: Henry Cavill tells @THR he wants to reprise his role of Superman: 

â€œThere is still a lot of storytelling for me to do as a Sâ€¦",The Witcher
RT @OriginalFunko: RT and follow @OriginalFunko for the chance to WIN the @Walmart exclusive The Witcher - Geralt and Roach Pop! Rides! Notâ€¦,The Witcher
RT @OriginalFunko: RT and follow @OriginalFunko for the chance to WIN the @Walmart exclusive The Witcher - Geralt and Roach Pop! Rides! Notâ€¦,The Witcher
"And so cried the Witcher 
 'He can't be bleat'",The Witcher
"WHEN LIFE PUTS YOU IN A TOUGH SITUATION
DON'T SAY,""WHY ME?""
GROWL,""TRY ME""",The Witcher
Check out my broadcast from my PlayStation 4! #PS4live (The Witcher 3: Wild Hunt â€“ Complete Edition)  live at https://t.co/FVBXBAwAiX,The Witcher
RT @OriginalFunko: RT and follow @OriginalFunko for the chance to WIN the @Walmart exclusive The Witcher - Geralt and Roach Pop! Rides! Notâ€¦,The Witcher
RT @BettingGodlike: @elongateog Is enzo in the witcher world?ğŸ˜†,The Witcher
"@Azriel_Green @gremlynne In Superman he looks like a frat boy. In The Witcher he looks like a cosplayer, which is just so much cooler!",The Witcher
"RT @PopCrave: Henry Cavill tells @THR he wants to reprise his role of Superman: 

â€œThere is still a lot of storytelling for me to do as a Sâ€¦",The Witcher
I was planning on going to bed early. But here I am up late watching the Witcher ğŸ¤·ğŸ»â€â™€ï¸,The Witcher
RT @DollieMaryMay: Playing the Witcher rn :D https://t.co/PQEslPLW0M,The Witcher
"RT @ComicBook: The Witcher's Henry Cavill spent lockdown playing the games on their hardest difficulty, because of course. https://t.co/3kxâ€¦",The Witcher
